{"entities":{"pages":{"basic":{"id":"basic","title":"基础","url":"basic.html","level":0,"pages":["the-architecture-of-nginx","nginx-introduction","Brotli","log-rotation","stub_status","go-access","OpenResty","load-balancing","lvs","keepalived"],"tabIndex":0},"the-architecture-of-nginx":{"id":"the-architecture-of-nginx","title":"Nginx 架构","url":"the-architecture-of-nginx.html","level":1,"parentId":"basic","tabIndex":0},"nginx-introduction":{"id":"nginx-introduction","title":"Nginx 简介","url":"nginx-introduction.html","level":1,"parentId":"basic","tabIndex":1},"Brotli":{"id":"Brotli","title":"使用 Brotli 压缩","url":"brotli.html","level":1,"parentId":"basic","tabIndex":2},"log-rotation":{"id":"log-rotation","title":"配置日志切割","url":"log-rotation.html","level":1,"parentId":"basic","tabIndex":3},"stub_status":{"id":"stub_status","title":"使用 stub_status 监控 Nginx","url":"stub-status.html","level":1,"parentId":"basic","tabIndex":4},"go-access":{"id":"go-access","title":"使用 GoAccess 监控 Nginx","url":"go-access.html","level":1,"parentId":"basic","tabIndex":5},"OpenResty":{"id":"OpenResty","title":"OpenResty","url":"openresty.html","level":1,"parentId":"basic","tabIndex":6},"load-balancing":{"id":"load-balancing","title":"负载均衡","url":"load-balancing.html","level":1,"parentId":"basic","tabIndex":7},"lvs":{"id":"lvs","title":"LVS","url":"lvs.html","level":1,"parentId":"basic","tabIndex":8},"keepalived":{"id":"keepalived","title":"Keepalived 实现高可用","url":"keepalived.html","level":1,"parentId":"basic","tabIndex":9}}},"topLevelIds":["basic"]}