{"entities":{"pages":{"what-is-container":{"id":"what-is-container","title":"什么是容器技术","url":"what-is-container.html","level":0,"tabIndex":0},"docker":{"id":"docker","title":"Docker 基础入门","url":"docker.html","level":0,"pages":["what-is-docker","container-manager","image-manager","storage-manager","network-manager"],"tabIndex":1},"what-is-docker":{"id":"what-is-docker","title":"初识 Docker","url":"what-is-docker.html","level":1,"parentId":"docker","tabIndex":0},"container-manager":{"id":"container-manager","title":"容器管理","url":"container-manager.html","level":1,"parentId":"docker","tabIndex":1},"image-manager":{"id":"image-manager","title":"镜像管理","url":"image-manager.html","level":1,"parentId":"docker","tabIndex":2},"storage-manager":{"id":"storage-manager","title":"存储管理","url":"storage-manager.html","level":1,"parentId":"docker","tabIndex":3},"network-manager":{"id":"network-manager","title":"网络管理","url":"network-manager.html","level":1,"parentId":"docker","tabIndex":4}}},"topLevelIds":["what-is-container","docker"]}