{"entities":{"pages":{"what-is-software-architecture":{"id":"what-is-software-architecture","title":"什么是软件架构","url":"what-is-software-architecture.html","level":0,"tabIndex":0},"Overview-of-Large-Scale-Application-Architecture":{"id":"Overview-of-Large-Scale-Application-Architecture","title":"大型应用的架构概述","url":"overview-of-large-scale-application-architecture.html","level":0,"tabIndex":1},"how-to-conduct-requirement-analysis":{"id":"how-to-conduct-requirement-analysis","title":"如何进行需求分析","url":"how-to-conduct-requirement-analysis.html","level":0,"tabIndex":2},"basic":{"id":"basic","title":"通用设计","url":"basic.html","level":0,"pages":["UML","api-design","how-to-conduct-code-review","the-twelve-factor-app","how-to-define-system-boundaries","how-to-assess-system-resource-requirements","how-to-make-informed-technology-choices"],"tabIndex":3},"UML":{"id":"UML","title":"UML","url":"uml.html","level":1,"parentId":"basic","tabIndex":0},"api-design":{"id":"api-design","title":"API 设计","url":"api-design.html","level":1,"parentId":"basic","tabIndex":1},"how-to-conduct-code-review":{"id":"how-to-conduct-code-review","title":"如何实施代码评审","url":"how-to-conduct-code-review.html","level":1,"parentId":"basic","tabIndex":2},"the-twelve-factor-app":{"id":"the-twelve-factor-app","title":"构建SaaS应用的12个要素","url":"the-twelve-factor-app.html","level":1,"parentId":"basic","tabIndex":3},"how-to-define-system-boundaries":{"id":"how-to-define-system-boundaries","title":"如何确定系统边界","url":"how-to-define-system-boundaries.html","level":1,"parentId":"basic","tabIndex":4},"how-to-assess-system-resource-requirements":{"id":"how-to-assess-system-resource-requirements","title":"如何评估系统资源","url":"how-to-assess-system-resource-requirements.html","level":1,"parentId":"basic","tabIndex":5},"how-to-make-informed-technology-choices":{"id":"how-to-make-informed-technology-choices","title":"如何做好技术选型","url":"how-to-make-informed-technology-choices.html","level":1,"parentId":"basic","tabIndex":6},"devops":{"id":"devops","title":"devops","url":"devops.html","level":0,"pages":["agile","DevSecOps","Jenkins-Pipeline","TeamCity"],"tabIndex":4},"agile":{"id":"agile","title":"敏捷软件开发","url":"agile.html","level":1,"parentId":"devops","tabIndex":0},"DevSecOps":{"id":"DevSecOps","title":"DevSecOps","url":"devsecops.html","level":1,"parentId":"devops","tabIndex":1},"Jenkins-Pipeline":{"id":"Jenkins-Pipeline","title":"Jenkins Pipeline","url":"jenkins-pipeline.html","level":1,"parentId":"devops","tabIndex":2},"TeamCity":{"id":"TeamCity","title":"TeamCity","url":"teamcity.html","level":1,"parentId":"devops","tabIndex":3},"DDD-Overview":{"id":"DDD-Overview","title":"领域驱动设计","url":"ddd-overview.html","level":0,"pages":["the-domain-driven-design"],"tabIndex":5},"the-domain-driven-design":{"id":"the-domain-driven-design","title":"DDD概述","url":"the-domain-driven-design.html","level":1,"parentId":"DDD-Overview","tabIndex":0},"oop":{"id":"oop","title":"面向对象程序设计","url":"oop.html","level":0,"pages":["high-cohesion-and-low-coupling"],"tabIndex":6},"high-cohesion-and-low-coupling":{"id":"high-cohesion-and-low-coupling","title":"高内聚和低耦合","url":"high-cohesion-and-low-coupling.html","level":1,"parentId":"oop","tabIndex":0},"分布式系统设计":{"id":"分布式系统设计","title":"分布式系统设计","url":"分布式系统设计.html","level":0,"pages":["from-monolithic-to-distributed-applications","CAP","BASE","distributed-caching"],"tabIndex":7},"from-monolithic-to-distributed-applications":{"id":"from-monolithic-to-distributed-applications","title":"单体应用到分布式应用","url":"from-monolithic-to-distributed-applications.html","level":1,"parentId":"分布式系统设计","tabIndex":0},"CAP":{"id":"CAP","title":"CAP 理论","url":"cap.html","level":1,"parentId":"分布式系统设计","tabIndex":1},"BASE":{"id":"BASE","title":"BASE 理论","url":"base.html","level":1,"parentId":"分布式系统设计","tabIndex":2},"distributed-caching":{"id":"distributed-caching","title":"分布式缓存","url":"distributed-caching.html","level":1,"parentId":"分布式系统设计","tabIndex":3},"microservice":{"id":"microservice","title":"微服务架构","url":"microservice.html","level":0,"pages":["what-are-microservices","design-patterns","AKF-Scaling-Cube"],"tabIndex":8},"what-are-microservices":{"id":"what-are-microservices","title":"什么是微服务","url":"what-are-microservices.html","level":1,"parentId":"microservice","tabIndex":0},"design-patterns":{"id":"design-patterns","title":"设计模式","url":"design-patterns.html","level":1,"parentId":"microservice","tabIndex":1},"AKF-Scaling-Cube":{"id":"AKF-Scaling-Cube","title":"AKF 扩展立方体","url":"akf-scaling-cube.html","level":1,"parentId":"microservice","tabIndex":2},"refactoring":{"id":"refactoring","title":"重构实践","url":"refactoring.html","level":0,"pages":["refactoring-branch-statements"],"tabIndex":9},"refactoring-branch-statements":{"id":"refactoring-branch-statements","title":"分支语句的重构","url":"refactoring-branch-statements.html","level":1,"parentId":"refactoring","tabIndex":0}}},"topLevelIds":["what-is-software-architecture","Overview-of-Large-Scale-Application-Architecture","how-to-conduct-requirement-analysis","basic","devops","DDD-Overview","oop","分布式系统设计","microservice","refactoring"]}