{"entities":{"pages":{"what-is-software-architecture":{"id":"what-is-software-architecture","title":"什么是软件架构","url":"what-is-software-architecture.html","level":0,"tabIndex":0},"Overview-of-Large-Scale-Application-Architecture":{"id":"Overview-of-Large-Scale-Application-Architecture","title":"大型应用的架构概述","url":"overview-of-large-scale-application-architecture.html","level":0,"tabIndex":1},"basic":{"id":"basic","title":"通用设计","url":"basic.html","level":0,"pages":["UML","api-design","how-to-conduct-code-review","the-twelve-factor-app","how-to-define-system-boundaries","how-to-assess-system-resource-requirements","how-to-make-informed-technology-choices"],"tabIndex":2},"UML":{"id":"UML","title":"UML","url":"uml.html","level":1,"parentId":"basic","tabIndex":0},"api-design":{"id":"api-design","title":"API 设计","url":"api-design.html","level":1,"parentId":"basic","tabIndex":1},"how-to-conduct-code-review":{"id":"how-to-conduct-code-review","title":"如何实施代码评审","url":"how-to-conduct-code-review.html","level":1,"parentId":"basic","tabIndex":2},"the-twelve-factor-app":{"id":"the-twelve-factor-app","title":"构建SaaS应用的12个要素","url":"the-twelve-factor-app.html","level":1,"parentId":"basic","tabIndex":3},"how-to-define-system-boundaries":{"id":"how-to-define-system-boundaries","title":"如何确定系统边界","url":"how-to-define-system-boundaries.html","level":1,"parentId":"basic","tabIndex":4},"how-to-assess-system-resource-requirements":{"id":"how-to-assess-system-resource-requirements","title":"如何评估系统资源","url":"how-to-assess-system-resource-requirements.html","level":1,"parentId":"basic","tabIndex":5},"how-to-make-informed-technology-choices":{"id":"how-to-make-informed-technology-choices","title":"如何做好技术选型","url":"how-to-make-informed-technology-choices.html","level":1,"parentId":"basic","tabIndex":6},"DDD-Overview":{"id":"DDD-Overview","title":"领域驱动设计","url":"ddd-overview.html","level":0,"pages":["the-domain-driven-design"],"tabIndex":3},"the-domain-driven-design":{"id":"the-domain-driven-design","title":"DDD概述","url":"the-domain-driven-design.html","level":1,"parentId":"DDD-Overview","tabIndex":0},"oop":{"id":"oop","title":"面向对象程序设计","url":"oop.html","level":0,"tabIndex":4},"microservice":{"id":"microservice","title":"微服务架构","url":"microservice.html","level":0,"pages":["design-patterns"],"tabIndex":5},"design-patterns":{"id":"design-patterns","title":"设计模式","url":"design-patterns.html","level":1,"parentId":"microservice","tabIndex":0},"refactoring":{"id":"refactoring","title":"重构实践","url":"refactoring.html","level":0,"pages":["refactoring-branch-statements"],"tabIndex":6},"refactoring-branch-statements":{"id":"refactoring-branch-statements","title":"分支语句的重构","url":"refactoring-branch-statements.html","level":1,"parentId":"refactoring","tabIndex":0}}},"topLevelIds":["what-is-software-architecture","Overview-of-Large-Scale-Application-Architecture","basic","DDD-Overview","oop","microservice","refactoring"]}