{"entities":{"pages":{"why-learn-c-language":{"id":"why-learn-c-language","title":"为什么学习 C 语言","url":"why-learn-c-language.html","level":0,"tabIndex":0},"basic":{"id":"basic","title":"C语言基础","url":"basic.html","level":0,"pages":["dev-env","variables","operator","conditions-and-loops","functions","preprocessor-and-macro","arrays","c-point","struct","string","datetime","disk-io","threads"],"tabIndex":1},"dev-env":{"id":"dev-env","title":"搭建开发环境","url":"dev-env.html","level":1,"parentId":"basic","tabIndex":0},"variables":{"id":"variables","title":"变量","url":"variables.html","level":1,"parentId":"basic","tabIndex":1},"operator":{"id":"operator","title":"运算符","url":"operator.html","level":1,"parentId":"basic","tabIndex":2},"conditions-and-loops":{"id":"conditions-and-loops","title":"分支和循环","url":"conditions-and-loops.html","level":1,"parentId":"basic","tabIndex":3},"functions":{"id":"functions","title":"函数","url":"functions.html","level":1,"parentId":"basic","tabIndex":4},"preprocessor-and-macro":{"id":"preprocessor-and-macro","title":"预处理和宏","url":"preprocessor-and-macro.html","level":1,"parentId":"basic","tabIndex":5},"arrays":{"id":"arrays","title":"数组","url":"arrays.html","level":1,"parentId":"basic","tabIndex":6},"c-point":{"id":"c-point","title":"C 指针","url":"c-point.html","level":1,"parentId":"basic","tabIndex":7},"struct":{"id":"struct","title":"结构体","url":"struct.html","level":1,"parentId":"basic","tabIndex":8},"string":{"id":"string","title":"字符串处理","url":"string.html","level":1,"parentId":"basic","tabIndex":9},"datetime":{"id":"datetime","title":"时间的处理","url":"datetime.html","level":1,"parentId":"basic","tabIndex":10},"disk-io":{"id":"disk-io","title":"文件的输入输出","url":"disk-io.html","level":1,"parentId":"basic","tabIndex":11},"threads":{"id":"threads","title":"多线程","url":"threads.html","level":1,"parentId":"basic","tabIndex":12},"C-plus-plus-basic":{"id":"C-plus-plus-basic","title":"C++基础","url":"c-plus-plus-basic.html","level":0,"tabIndex":2}}},"topLevelIds":["why-learn-c-language","basic","C-plus-plus-basic"]}